{"cameraMode":{"drawMode":0,"name":"Shaded","section":"Shading Mode"},"sceneLighting":false,"audioPlay":false,"sceneViewState":{"m_AlwaysRefresh":false,"showFog":true,"showSkybox":false,"showFlares":true,"showImageEffects":true,"showParticleSystems":true,"showVisualEffectGraphs":true,"m_FxEnabled":true},"in2DMode":false,"pivot":{"x":0.00016182661056518555,"y":0.4596424102783203,"z":0.10946467518806458},"rotation":{"x":0.05247204378247261,"y":0.011983172968029976,"z":-0.0006296929204836488,"w":0.998551070690155},"size":0.6864967346191406,"orthographic":false}