{"cameraMode":{"drawMode":0,"name":"Shaded","section":"Shading Mode"},"sceneLighting":false,"audioPlay":false,"sceneViewState":{"m_AlwaysRefresh":false,"showFog":true,"showSkybox":false,"showFlares":true,"showImageEffects":true,"showParticleSystems":true,"showVisualEffectGraphs":true,"m_FxEnabled":true},"in2DMode":false,"pivot":{"x":-0.45147132873535159,"y":1.5734477043151856,"z":0.21615219116210938},"rotation":{"x":0.0055251652374863628,"y":-0.3898716866970062,"z":0.0023392641451209785,"w":0.9208493232727051},"size":2.107593297958374,"orthographic":false}