{"cameraMode":{"drawMode":0,"name":"Shaded","section":"Shading Mode"},"sceneLighting":true,"audioPlay":false,"sceneViewState":{"m_AlwaysRefresh":false,"showFog":true,"showSkybox":true,"showFlares":true,"showImageEffects":true,"showParticleSystems":true,"showVisualEffectGraphs":true,"m_FxEnabled":true},"in2DMode":false,"pivot":{"x":0.00016182661056518555,"y":0.4596424102783203,"z":0.10946467518806458},"rotation":{"x":0.16922549903392793,"y":0.2978682219982147,"z":-0.053741514682769778,"w":0.9379525184631348},"size":6.1847429275512699,"orthographic":false}