{"cameraMode":{"drawMode":0,"name":"Shaded","section":"Shading Mode"},"sceneLighting":true,"audioPlay":false,"sceneViewState":{"m_AlwaysRefresh":false,"showFog":true,"showSkybox":true,"showFlares":true,"showImageEffects":true,"showParticleSystems":true,"showVisualEffectGraphs":true,"m_FxEnabled":true},"in2DMode":false,"pivot":{"x":-0.9093884229660034,"y":0.9896822571754456,"z":-0.24387258291244508},"rotation":{"x":0.1436692625284195,"y":0.5390669703483582,"z":-0.09392277896404267,"w":0.8245890140533447},"size":29.678930282592775,"orthographic":false}