{"cameraMode":{"drawMode":0,"name":"Shaded","section":"Shading Mode"},"sceneLighting":true,"audioPlay":false,"sceneViewState":{"m_AlwaysRefresh":false,"showFog":true,"showSkybox":true,"showFlares":true,"showImageEffects":true,"showParticleSystems":true,"showVisualEffectGraphs":true,"m_FxEnabled":true},"in2DMode":false,"pivot":{"x":28.389541625976564,"y":1.6546382904052735,"z":-18.824310302734376},"rotation":{"x":-0.010408984497189522,"y":0.6367087364196777,"z":0.008596086874604226,"w":0.7709884643554688},"size":353.4426574707031,"orthographic":false}